Sending Timestamps,Receiving Timestamps,Message Direction,Operator ID,Self-Match Prevention ID,Account Number,Session ID,Executing Firm ID,Manual Order Identifier,Message Type,Customer Type Indicator,Origin,CME Globex Message ID,Message Link ID,Order Flow ID,Spread/Leg Link ID,Instrument Description,Market Segment ID,Client Order ID,CME Globex Order ID,Buy/Sell Indicator,Quantity,Limit Price,Stop Price,Order Type,Order Qualifier,IFM Flag,Display Quantity,Minimum Quantity,Country of Origin,Fill Price,Fill Quantity,Cumulative Quantity,Remaining Quantity,Aggressor Flag,Source of Cancellation,Reject Reason,Processed Quotes,Cross ID,Quote Request ID,Message Quote ID,Quote Entry ID,Bid Price,Bid Size,Offer Price,Offer Size
20180123-14:48:49.036,,TO CME,Falcon001,,ABC,P75,004,Y,D,1,1,,,201801230003,,ESH8,G,201801230003,,1,2000,278500,,2,0,,2000,,CN,,,,,,,,,,,,,,,,
,20180123-14:48:49.224,FROM CME,FALCON001,,ABC,P75,004,Y,8/0,,,64386:841880,,201801230003,,ESH8,G,201801230003,64493056152,1,2000,278500,,2,0,,2000,,,,,0,2000,,,,,,,,,,,,
,20180123-14:48:49.225,FROM CME,FALCON001,,ABC,P75,004,Y,8/1,,,64386:M:211110TN0041855,,201801230003,,ESH8,G,201801230003,64493056152,1,2000,278500,,2,0,,,,,278500,1,1,1999,Y,,,,,,,,,,,
,20180123-14:48:49.225,FROM CME,FALCON001,,ABC,P75,004,Y,8/1,,,64386:M:211112TN0041856,,201801230003,,ESH8,G,201801230003,64493056152,1,2000,278500,,2,0,,,,,278500,3,4,1996,Y,,,,,,,,,,,
,20180123-14:48:49.226,FROM CME,FALCON001,,ABC,P75,004,Y,8/1,,,64386:M:211114TN0041857,,201801230003,,ESH8,G,201801230003,64493056152,1,2000,278500,,2,0,,,,,278500,5,9,1991,Y,,,,,,,,,,,
,20180123-14:48:49.226,FROM CME,FALCON001,,ABC,P75,004,Y,8/1,,,64386:M:211116TN0041858,,201801230003,,ESH8,G,201801230003,64493056152,1,2000,278500,,2,0,,,,,278500,1,10,1990,Y,,,,,,,,,,,
,20180123-14:48:49.226,FROM CME,FALCON001,,ABC,P75,004,Y,8/1,,,64386:M:211118TN0041859,,201801230003,,ESH8,G,201801230003,64493056152,1,2000,278500,,2,0,,,,,278500,1,11,1989,Y,,,,,,,,,,,
,20180123-14:48:49.229,FROM CME,FALCON001,,ABC,P75,004,Y,8/1,,,64386:M:211120TN0041860,,201801230003,,ESH8,G,201801230003,64493056152,1,2000,278500,,2,0,,,,,278500,5,16,1984,Y,,,,,,,,,,,
,20180123-14:48:49.229,FROM CME,FALCON001,,ABC,P75,004,Y,8/1,,,64386:M:211122TN0041861,,201801230003,,ESH8,G,201801230003,64493056152,1,2000,278500,,2,0,,,,,278500,1,17,1983,Y,,,,,,,,,,,
,20180123-14:48:49.230,FROM CME,FALCON001,,ABC,P75,004,Y,8/1,,,64386:M:211124TN0041862,,201801230003,,ESH8,G,201801230003,64493056152,1,2000,278500,,2,0,,,,,278500,1,18,1982,Y,,,,,,,,,,,
,20180123-14:48:49.230,FROM CME,FALCON001,,ABC,P75,004,Y,8/1,,,64386:M:211126TN0041863,,201801230003,,ESH8,G,201801230003,64493056152,1,2000,278500,,2,0,,,,,278500,1,19,1981,Y,,,,,,,,,,,
,20180123-14:48:49.230,FROM CME,FALCON001,,ABC,P75,004,Y,8/1,,,64386:M:211128TN0041864,,201801230003,,ESH8,G,201801230003,64493056152,1,2000,278500,,2,0,,,,,278500,1,20,1980,Y,,,,,,,,,,,
,20180123-14:48:49.230,FROM CME,FALCON001,,ABC,P75,004,Y,8/1,,,64386:M:211130TN0041865,,201801230003,,ESH8,G,201801230003,64493056152,1,2000,278500,,2,0,,,,,278500,2,22,1978,Y,,,,,,,,,,,
,20180123-14:48:49.230,FROM CME,FALCON001,,ABC,P75,004,Y,8/1,,,64386:M:211132TN0041866,,201801230003,,ESH8,G,201801230003,64493056152,1,2000,278500,,2,0,,,,,278500,1,23,1977,Y,,,,,,,,,,,
,20180123-14:48:49.230,FROM CME,FALCON001,,ABC,P75,004,Y,8/1,,,64386:M:211134TN0041867,,201801230003,,ESH8,G,201801230003,64493056152,1,2000,278500,,2,0,,,,,278500,1,24,1976,Y,,,,,,,,,,,
,20180123-14:48:49.231,FROM CME,FALCON001,,ABC,P75,004,Y,8/1,,,64386:M:211136TN0041868,,201801230003,,ESH8,G,201801230003,64493056152,1,2000,278500,,2,0,,,,,278500,2,26,1974,Y,,,,,,,,,,,
,20180123-14:48:49.231,FROM CME,FALCON001,,ABC,P75,004,Y,8/1,,,64386:M:211138TN0041869,,201801230003,,ESH8,G,201801230003,64493056152,1,2000,278500,,2,0,,,,,278500,1,27,1973,Y,,,,,,,,,,,
,20180123-14:48:49.231,FROM CME,FALCON001,,ABC,P75,004,Y,8/1,,,64386:M:211140TN0041870,,201801230003,,ESH8,G,201801230003,64493056152,1,2000,278500,,2,0,,,,,278500,1,28,1972,Y,,,,,,,,,,,
,20180123-14:48:49.231,FROM CME,FALCON001,,ABC,P75,004,Y,8/1,,,64386:M:211142TN0041871,,201801230003,,ESH8,G,201801230003,64493056152,1,2000,278500,,2,0,,,,,278500,3,31,1969,Y,,,,,,,,,,,
,20180123-14:48:49.231,FROM CME,FALCON001,,ABC,P75,004,Y,8/1,,,64386:M:211144TN0041872,,201801230003,,ESH8,G,201801230003,64493056152,1,2000,278500,,2,0,,,,,278500,2,33,1967,Y,,,,,,,,,,,
,20180123-14:48:49.231,FROM CME,FALCON001,,ABC,P75,004,Y,8/1,,,64386:M:211146TN0041873,,201801230003,,ESH8,G,201801230003,64493056152,1,2000,278500,,2,0,,,,,278500,1,34,1966,Y,,,,,,,,,,,
,20180123-14:48:49.409,FROM CME,FALCON001,,ABC,P75,004,Y,8/1,,,64386:M:211148TN0041874,,201801230003,,ESH8,G,201801230003,64493056152,1,2000,278500,,2,0,,,,,278500,1,35,1965,Y,,,,,,,,,,,
,20180123-14:48:49.409,FROM CME,FALCON001,,ABC,P75,004,Y,8/1,,,64386:M:211150TN0041875,,201801230003,,ESH8,G,201801230003,64493056152,1,2000,278500,,2,0,,,,,278500,1,36,1964,Y,,,,,,,,,,,
,20180123-14:48:49.409,FROM CME,FALCON001,,ABC,P75,004,Y,8/1,,,64386:M:211152TN0041876,,201801230003,,ESH8,G,201801230003,64493056152,1,2000,278500,,2,0,,,,,278500,1,37,1963,Y,,,,,,,,,,,
,20180123-14:48:49.964,FROM CME,FALCON001,,ABC,P75,004,Y,8/1,,,64386:M:211154TN0041877,,201801230003,,ESH8,G,201801230003,64493056152,1,2000,278500,,2,0,,,,,278500,7,44,1956,N,,,,,,,,,,,
,20180123-14:48:50.763,FROM CME,FALCON001,,ABC,P75,004,Y,8/1,,,64386:M:211156TN0041878,,201801230003,,ESH8,G,201801230003,64493056152,1,2000,278500,,2,0,,,,,278500,1,45,1955,N,,,,,,,,,,,
,20180123-14:48:50.964,FROM CME,FALCON001,,ABC,P75,004,Y,8/1,,,64386:M:211158TN0041879,,201801230003,,ESH8,G,201801230003,64493056152,1,2000,278500,,2,0,,,,,278500,1,46,1954,N,,,,,,,,,,,
,20180123-14:48:51.164,FROM CME,FALCON001,,ABC,P75,004,Y,8/1,,,64386:M:211160TN0041880,,201801230003,,ESH8,G,201801230003,64493056152,1,2000,278500,,2,0,,,,,278500,8,54,1946,N,,,,,,,,,,,
,20180123-14:48:52.764,FROM CME,FALCON001,,ABC,P75,004,Y,8/1,,,64386:M:211162TN0041881,,201801230003,,ESH8,G,201801230003,64493056152,1,2000,278500,,2,0,,,,,278500,1,55,1945,N,,,,,,,,,,,
,20180123-14:48:54.767,FROM CME,FALCON001,,ABC,P75,004,Y,8/1,,,64386:M:211164TN0041882,,201801230003,,ESH8,G,201801230003,64493056152,1,2000,278500,,2,0,,,,,278500,1,56,1944,N,,,,,,,,,,,
,20180123-14:48:55.368,FROM CME,FALCON001,,ABC,P75,004,Y,8/1,,,64386:M:211166TN0041883,,201801230003,,ESH8,G,201801230003,64493056152,1,2000,278500,,2,0,,,,,278500,6,62,1938,N,,,,,,,,,,,
,20180123-14:48:55.766,FROM CME,FALCON001,,ABC,P75,004,Y,8/1,,,64386:M:211168TN0041884,,201801230003,,ESH8,G,201801230003,64493056152,1,2000,278500,,2,0,,,,,278500,2,64,1936,N,,,,,,,,,,,
,20180123-14:48:55.964,FROM CME,FALCON001,,ABC,P75,004,Y,8/1,,,64386:M:211170TN0041885,,201801230003,,ESH8,G,201801230003,64493056152,1,2000,278500,,2,0,,,,,278500,2,66,1934,N,,,,,,,,,,,
,20180123-14:48:56.366,FROM CME,FALCON001,,ABC,P75,004,Y,8/1,,,64386:M:211172TN0041886,,201801230003,,ESH8,G,201801230003,64493056152,1,2000,278500,,2,0,,,,,278500,6,72,1928,N,,,,,,,,,,,
,20180123-14:48:59.566,FROM CME,FALCON001,,ABC,P75,004,Y,8/1,,,64386:M:211174TN0041887,,201801230003,,ESH8,G,201801230003,64493056152,1,2000,278500,,2,0,,,,,278500,4,76,1924,N,,,,,,,,,,,
,20180123-14:49:00.964,FROM CME,FALCON001,,ABC,P75,004,Y,8/1,,,64386:M:211176TN0041888,,201801230003,,ESH8,G,201801230003,64493056152,1,2000,278500,,2,0,,,,,278500,6,82,1918,N,,,,,,,,,,,
,20180123-14:49:01.163,FROM CME,FALCON001,,ABC,P75,004,Y,8/1,,,64386:M:211178TN0041889,,201801230003,,ESH8,G,201801230003,64493056152,1,2000,278500,,2,0,,,,,278500,5,87,1913,N,,,,,,,,,,,
,20180123-14:49:01.364,FROM CME,FALCON001,,ABC,P75,004,Y,8/1,,,64386:M:211180TN0041890,,201801230003,,ESH8,G,201801230003,64493056152,1,2000,278500,,2,0,,,,,278500,1,88,1912,N,,,,,,,,,,,
,20180123-14:49:01.764,FROM CME,FALCON001,,ABC,P75,004,Y,8/1,,,64386:M:211182TN0041891,,201801230003,,ESH8,G,201801230003,64493056152,1,2000,278500,,2,0,,,,,278500,1,89,1911,N,,,,,,,,,,,
,20180123-14:49:01.968,FROM CME,FALCON001,,ABC,P75,004,Y,8/1,,,64386:M:211184TN0041892,,201801230003,,ESH8,G,201801230003,64493056152,1,2000,278500,,2,0,,,,,278500,2,91,1909,N,,,,,,,,,,,
,20180123-14:49:02.568,FROM CME,FALCON001,,ABC,P75,004,Y,8/1,,,64386:M:211186TN0041893,,201801230003,,ESH8,G,201801230003,64493056152,1,2000,278500,,2,0,,,,,278500,3,94,1906,N,,,,,,,,,,,
,20180123-14:49:02.767,FROM CME,FALCON001,,ABC,P75,004,Y,8/1,,,64386:M:211188TN0041894,,201801230003,,ESH8,G,201801230003,64493056152,1,2000,278500,,2,0,,,,,278500,6,100,1900,N,,,,,,,,,,,
,20180123-14:49:03.565,FROM CME,FALCON001,,ABC,P75,004,Y,8/1,,,64386:M:211190TN0041895,,201801230003,,ESH8,G,201801230003,64493056152,1,2000,278500,,2,0,,,,,278500,6,106,1894,N,,,,,,,,,,,
,20180123-14:49:03.764,FROM CME,FALCON001,,ABC,P75,004,Y,8/1,,,64386:M:211192TN0041896,,201801230003,,ESH8,G,201801230003,64493056152,1,2000,278500,,2,0,,,,,278500,3,109,1891,N,,,,,,,,,,,
,20180123-14:49:03.964,FROM CME,FALCON001,,ABC,P75,004,Y,8/1,,,64386:M:211194TN0041897,,201801230003,,ESH8,G,201801230003,64493056152,1,2000,278500,,2,0,,,,,278500,6,115,1885,N,,,,,,,,,,,
,20180123-14:49:04.164,FROM CME,FALCON001,,ABC,P75,004,Y,8/1,,,64386:M:211196TN0041898,,201801230003,,ESH8,G,201801230003,64493056152,1,2000,278500,,2,0,,,,,278500,6,121,1879,N,,,,,,,,,,,
,20180123-14:49:04.368,FROM CME,FALCON001,,ABC,P75,004,Y,8/1,,,64386:M:211198TN0041899,,201801230003,,ESH8,G,201801230003,64493056152,1,2000,278500,,2,0,,,,,278500,12,133,1867,N,,,,,,,,,,,
,20180123-14:49:05.367,FROM CME,FALCON001,,ABC,P75,004,Y,8/1,,,64386:M:211200TN0041900,,201801230003,,ESH8,G,201801230003,64493056152,1,2000,278500,,2,0,,,,,278500,8,141,1859,N,,,,,,,,,,,
,20180123-14:49:05.564,FROM CME,FALCON001,,ABC,P75,004,Y,8/1,,,64386:M:211202TN0041901,,201801230003,,ESH8,G,201801230003,64493056152,1,2000,278500,,2,0,,,,,278500,5,146,1854,N,,,,,,,,,,,
,20180123-14:49:05.767,FROM CME,FALCON001,,ABC,P75,004,Y,8/1,,,64386:M:211204TN0041902,,201801230003,,ESH8,G,201801230003,64493056152,1,2000,278500,,2,0,,,,,278500,5,151,1849,N,,,,,,,,,,,
,20180123-14:49:06.764,FROM CME,FALCON001,,ABC,P75,004,Y,8/1,,,64386:M:211206TN0041903,,201801230003,,ESH8,G,201801230003,64493056152,1,2000,278500,,2,0,,,,,278500,1,152,1848,N,,,,,,,,,,,
,20180123-14:49:06.964,FROM CME,FALCON001,,ABC,P75,004,Y,8/1,,,64386:M:211208TN0041904,,201801230003,,ESH8,G,201801230003,64493056152,1,2000,278500,,2,0,,,,,278500,2,154,1846,N,,,,,,,,,,,
,20180123-14:49:07.165,FROM CME,FALCON001,,ABC,P75,004,Y,8/1,,,64386:M:211210TN0041905,,201801230003,,ESH8,G,201801230003,64493056152,1,2000,278500,,2,0,,,,,278500,6,160,1840,N,,,,,,,,,,,
,20180123-14:49:07.364,FROM CME,FALCON001,,ABC,P75,004,Y,8/1,,,64386:M:211212TN0041906,,201801230003,,ESH8,G,201801230003,64493056152,1,2000,278500,,2,0,,,,,278500,3,163,1837,N,,,,,,,,,,,
,20180123-14:49:07.564,FROM CME,FALCON001,,ABC,P75,004,Y,8/1,,,64386:M:211214TN0041907,,201801230003,,ESH8,G,201801230003,64493056152,1,2000,278500,,2,0,,,,,278500,2,165,1835,N,,,,,,,,,,,
,20180123-14:49:09.564,FROM CME,FALCON001,,ABC,P75,004,Y,8/1,,,64386:M:211216TN0041908,,201801230003,,ESH8,G,201801230003,64493056152,1,2000,278500,,2,0,,,,,278500,1,166,1834,N,,,,,,,,,,,
,20180123-14:49:10.568,FROM CME,FALCON001,,ABC,P75,004,Y,8/1,,,64386:M:211218TN0041909,,201801230003,,ESH8,G,201801230003,64493056152,1,2000,278500,,2,0,,,,,278500,1,167,1833,N,,,,,,,,,,,
,20180123-14:49:10.763,FROM CME,FALCON001,,ABC,P75,004,Y,8/1,,,64386:M:211220TN0041910,,201801230003,,ESH8,G,201801230003,64493056152,1,2000,278500,,2,0,,,,,278500,1,168,1832,N,,,,,,,,,,,
,20180123-14:49:11.568,FROM CME,FALCON001,,ABC,P75,004,Y,8/1,,,64386:M:211222TN0041911,,201801230003,,ESH8,G,201801230003,64493056152,1,2000,278500,,2,0,,,,,278500,1,169,1831,N,,,,,,,,,,,
,20180123-14:49:11.763,FROM CME,FALCON001,,ABC,P75,004,Y,8/1,,,64386:M:211224TN0041912,,201801230003,,ESH8,G,201801230003,64493056152,1,2000,278500,,2,0,,,,,278500,6,175,1825,N,,,,,,,,,,,
,20180123-14:49:12.164,FROM CME,FALCON001,,ABC,P75,004,Y,8/1,,,64386:M:211226TN0041913,,201801230003,,ESH8,G,201801230003,64493056152,1,2000,278500,,2,0,,,,,278500,9,184,1816,N,,,,,,,,,,,
,20180123-14:49:12.364,FROM CME,FALCON001,,ABC,P75,004,Y,8/1,,,64386:M:211228TN0041914,,201801230003,,ESH8,G,201801230003,64493056152,1,2000,278500,,2,0,,,,,278500,1,185,1815,N,,,,,,,,,,,
,20180123-14:49:12.567,FROM CME,FALCON001,,ABC,P75,004,Y,8/1,,,64386:M:211230TN0041915,,201801230003,,ESH8,G,201801230003,64493056152,1,2000,278500,,2,0,,,,,278500,9,194,1806,N,,,,,,,,,,,
,20180123-14:49:14.364,FROM CME,FALCON001,,ABC,P75,004,Y,8/1,,,64386:M:211232TN0041916,,201801230003,,ESH8,G,201801230003,64493056152,1,2000,278500,,2,0,,,,,278500,32,226,1774,N,,,,,,,,,,,
,20180123-14:49:16.764,FROM CME,FALCON001,,ABC,P75,004,Y,8/1,,,64386:M:211234TN0041917,,201801230003,,ESH8,G,201801230003,64493056152,1,2000,278500,,2,0,,,,,278500,6,232,1768,N,,,,,,,,,,,
,20180123-14:49:21.769,FROM CME,FALCON001,,ABC,P75,004,Y,8/1,,,64386:M:211238TN0041919,,201801230003,,ESH8,G,201801230003,64493056152,1,2000,278500,,2,0,,,,,278500,1,233,1767,N,,,,,,,,,,,
,20180123-14:49:25.568,FROM CME,FALCON001,,ABC,P75,004,Y,8/1,,,64386:M:211240TN0041920,,201801230003,,ESH8,G,201801230003,64493056152,1,2000,278500,,2,0,,,,,278500,6,239,1761,N,,,,,,,,,,,
,20180123-14:49:25.764,FROM CME,FALCON001,,ABC,P75,004,Y,8/1,,,64386:M:211242TN0041921,,201801230003,,ESH8,G,201801230003,64493056152,1,2000,278500,,2,0,,,,,278500,2,241,1759,N,,,,,,,,,,,
,20180123-14:49:25.969,FROM CME,FALCON001,,ABC,P75,004,Y,8/1,,,64386:M:211244TN0041922,,201801230003,,ESH8,G,201801230003,64493056152,1,2000,278500,,2,0,,,,,278500,2,243,1757,N,,,,,,,,,,,
,20180123-14:49:26.968,FROM CME,FALCON001,,ABC,P75,004,Y,8/1,,,64386:M:211246TN0041923,,201801230003,,ESH8,G,201801230003,64493056152,1,2000,278500,,2,0,,,,,278500,1,244,1756,N,,,,,,,,,,,
,20180123-14:49:27.167,FROM CME,FALCON001,,ABC,P75,004,Y,8/1,,,64386:M:211248TN0041924,,201801230003,,ESH8,G,201801230003,64493056152,1,2000,278500,,2,0,,,,,278500,1,245,1755,N,,,,,,,,,,,
,20180123-14:49:27.564,FROM CME,FALCON001,,ABC,P75,004,Y,8/1,,,64386:M:211250TN0041925,,201801230003,,ESH8,G,201801230003,64493056152,1,2000,278500,,2,0,,,,,278500,3,248,1752,N,,,,,,,,,,,
,20180123-14:49:27.767,FROM CME,FALCON001,,ABC,P75,004,Y,8/1,,,64386:M:211252TN0041926,,201801230003,,ESH8,G,201801230003,64493056152,1,2000,278500,,2,0,,,,,278500,1,249,1751,N,,,,,,,,,,,
,20180123-14:49:28.568,FROM CME,FALCON001,,ABC,P75,004,Y,8/1,,,64386:M:211254TN0041927,,201801230003,,ESH8,G,201801230003,64493056152,1,2000,278500,,2,0,,,,,278500,6,255,1745,N,,,,,,,,,,,
,20180123-14:49:29.168,FROM CME,FALCON001,,ABC,P75,004,Y,8/1,,,64386:M:211256TN0041928,,201801230003,,ESH8,G,201801230003,64493056152,1,2000,278500,,2,0,,,,,278500,8,263,1737,N,,,,,,,,,,,
,20180123-14:49:29.368,FROM CME,FALCON001,,ABC,P75,004,Y,8/1,,,64386:M:211258TN0041929,,201801230003,,ESH8,G,201801230003,64493056152,1,2000,278500,,2,0,,,,,278500,9,272,1728,N,,,,,,,,,,,
,20180123-14:49:29.764,FROM CME,FALCON001,,ABC,P75,004,Y,8/1,,,64386:M:211260TN0041930,,201801230003,,ESH8,G,201801230003,64493056152,1,2000,278500,,2,0,,,,,278500,32,304,1696,N,,,,,,,,,,,
,20180123-14:49:30.768,FROM CME,FALCON001,,ABC,P75,004,Y,8/1,,,64386:M:211262TN0041931,,201801230003,,ESH8,G,201801230003,64493056152,1,2000,278500,,2,0,,,,,278500,1,305,1695,N,,,,,,,,,,,
,20180123-14:49:32.364,FROM CME,FALCON001,,ABC,P75,004,Y,8/1,,,64386:M:211264TN0041932,,201801230003,,ESH8,G,201801230003,64493056152,1,2000,278500,,2,0,,,,,278500,1,306,1694,N,,,,,,,,,,,
,20180123-14:49:32.568,FROM CME,FALCON001,,ABC,P75,004,Y,8/1,,,64386:M:211266TN0041933,,201801230003,,ESH8,G,201801230003,64493056152,1,2000,278500,,2,0,,,,,278500,1,307,1693,N,,,,,,,,,,,
,20180123-14:49:33.364,FROM CME,FALCON001,,ABC,P75,004,Y,8/1,,,64386:M:211268TN0041934,,201801230003,,ESH8,G,201801230003,64493056152,1,2000,278500,,2,0,,,,,278500,6,313,1687,N,,,,,,,,,,,
,20180123-14:49:33.964,FROM CME,FALCON001,,ABC,P75,004,Y,8/1,,,64386:M:211270TN0041935,,201801230003,,ESH8,G,201801230003,64493056152,1,2000,278500,,2,0,,,,,278500,1,314,1686,N,,,,,,,,,,,
,20180123-14:49:36.764,FROM CME,FALCON001,,ABC,P75,004,Y,8/1,,,64386:M:211272TN0041936,,201801230003,,ESH8,G,201801230003,64493056152,1,2000,278500,,2,0,,,,,278500,3,317,1683,N,,,,,,,,,,,
,20180123-14:49:36.969,FROM CME,FALCON001,,ABC,P75,004,Y,8/1,,,64386:M:211274TN0041937,,201801230003,,ESH8,G,201801230003,64493056152,1,2000,278500,,2,0,,,,,278500,3,320,1680,N,,,,,,,,,,,
,20180123-14:49:37.369,FROM CME,FALCON001,,ABC,P75,004,Y,8/1,,,64386:M:211276TN0041938,,201801230003,,ESH8,G,201801230003,64493056152,1,2000,278500,,2,0,,,,,278500,2,322,1678,N,,,,,,,,,,,
,20180123-14:49:37.564,FROM CME,FALCON001,,ABC,P75,004,Y,8/1,,,64386:M:211278TN0041939,,201801230003,,ESH8,G,201801230003,64493056152,1,2000,278500,,2,0,,,,,278500,5,327,1673,N,,,,,,,,,,,
,20180123-14:49:39.569,FROM CME,FALCON001,,ABC,P75,004,Y,8/1,,,64386:M:211280TN0041940,,201801230003,,ESH8,G,201801230003,64493056152,1,2000,278500,,2,0,,,,,278500,1,328,1672,N,,,,,,,,,,,
,20180123-14:49:39.968,FROM CME,FALCON001,,ABC,P75,004,Y,8/1,,,64386:M:211282TN0041941,,201801230003,,ESH8,G,201801230003,64493056152,1,2000,278500,,2,0,,,,,278500,6,334,1666,N,,,,,,,,,,,
,20180123-14:49:40.363,FROM CME,FALCON001,,ABC,P75,004,Y,8/1,,,64386:M:211284TN0041942,,201801230003,,ESH8,G,201801230003,64493056152,1,2000,278500,,2,0,,,,,278500,8,342,1658,N,,,,,,,,,,,
,20180123-14:49:40.968,FROM CME,FALCON001,,ABC,P75,004,Y,8/1,,,64386:M:211286TN0041943,,201801230003,,ESH8,G,201801230003,64493056152,1,2000,278500,,2,0,,,,,278500,1,343,1657,N,,,,,,,,,,,
,20180123-14:49:41.567,FROM CME,FALCON001,,ABC,P75,004,Y,8/1,,,64386:M:211288TN0041944,,201801230003,,ESH8,G,201801230003,64493056152,1,2000,278500,,2,0,,,,,278500,6,349,1651,N,,,,,,,,,,,
,20180123-14:49:41.767,FROM CME,FALCON001,,ABC,P75,004,Y,8/1,,,64386:M:211290TN0041945,,201801230003,,ESH8,G,201801230003,64493056152,1,2000,278500,,2,0,,,,,278500,1,350,1650,N,,,,,,,,,,,
,20180123-14:49:42.566,FROM CME,FALCON001,,ABC,P75,004,Y,8/1,,,64386:M:211292TN0041946,,201801230003,,ESH8,G,201801230003,64493056152,1,2000,278500,,2,0,,,,,278500,7,357,1643,N,,,,,,,,,,,
,20180123-14:49:43.365,FROM CME,FALCON001,,ABC,P75,004,Y,8/1,,,64386:M:211294TN0041947,,201801230003,,ESH8,G,201801230003,64493056152,1,2000,278500,,2,0,,,,,278500,5,362,1638,N,,,,,,,,,,,
,20180123-14:49:43.772,FROM CME,FALCON001,,ABC,P75,004,Y,8/1,,,64386:M:211296TN0041948,,201801230003,,ESH8,G,201801230003,64493056152,1,2000,278500,,2,0,,,,,278500,1,363,1637,N,,,,,,,,,,,
,20180123-14:49:44.368,FROM CME,FALCON001,,ABC,P75,004,Y,8/1,,,64386:M:211298TN0041949,,201801230003,,ESH8,G,201801230003,64493056152,1,2000,278500,,2,0,,,,,278500,1,364,1636,N,,,,,,,,,,,
,20180123-14:49:45.965,FROM CME,FALCON001,,ABC,P75,004,Y,8/1,,,64386:M:211300TN0041950,,201801230003,,ESH8,G,201801230003,64493056152,1,2000,278500,,2,0,,,,,278500,100,464,1536,N,,,,,,,,,,,
,20180123-14:49:46.164,FROM CME,FALCON001,,ABC,P75,004,Y,8/1,,,64386:M:211302TN0041951,,201801230003,,ESH8,G,201801230003,64493056152,1,2000,278500,,2,0,,,,,278500,6,470,1530,N,,,,,,,,,,,
,20180123-14:49:46.365,FROM CME,FALCON001,,ABC,P75,004,Y,8/1,,,64386:M:211304TN0041952,,201801230003,,ESH8,G,201801230003,64493056152,1,2000,278500,,2,0,,,,,278500,17,487,1513,N,,,,,,,,,,,
,20180123-14:49:46.764,FROM CME,FALCON001,,ABC,P75,004,Y,8/1,,,64386:M:211306TN0041953,,201801230003,,ESH8,G,201801230003,64493056152,1,2000,278500,,2,0,,,,,278500,3,490,1510,N,,,,,,,,,,,
,20180123-14:49:46.964,FROM CME,FALCON001,,ABC,P75,004,Y,8/1,,,64386:M:211308TN0041954,,201801230003,,ESH8,G,201801230003,64493056152,1,2000,278500,,2,0,,,,,278500,3,493,1507,N,,,,,,,,,,,
,20180123-14:49:47.164,FROM CME,FALCON001,,ABC,P75,004,Y,8/1,,,64386:M:211310TN0041955,,201801230003,,ESH8,G,201801230003,64493056152,1,2000,278500,,2,0,,,,,278500,2,495,1505,N,,,,,,,,,,,
,20180123-14:49:49.165,FROM CME,FALCON001,,ABC,P75,004,Y,8/1,,,64386:M:211312TN0041956,,201801230003,,ESH8,G,201801230003,64493056152,1,2000,278500,,2,0,,,,,278500,5,500,1500,N,,,,,,,,,,,
,20180123-14:49:49.964,FROM CME,FALCON001,,ABC,P75,004,Y,8/1,,,64386:M:211314TN0041957,,201801230003,,ESH8,G,201801230003,64493056152,1,2000,278500,,2,0,,,,,278500,12,512,1488,N,,,,,,,,,,,
,20180123-14:49:50.189,FROM CME,FALCON001,,ABC,P75,004,Y,8/1,,,64386:M:211316TN0041958,,201801230003,,ESH8,G,201801230003,64493056152,1,2000,278500,,2,0,,,,,278500,1,513,1487,N,,,,,,,,,,,
,20180123-14:49:50.569,FROM CME,FALCON001,,ABC,P75,004,Y,8/1,,,64386:M:211318TN0041959,,201801230003,,ESH8,G,201801230003,64493056152,1,2000,278500,,2,0,,,,,278500,14,527,1473,N,,,,,,,,,,,
,20180123-14:49:50.964,FROM CME,FALCON001,,ABC,P75,004,Y,8/1,,,64386:M:211320TN0041960,,201801230003,,ESH8,G,201801230003,64493056152,1,2000,278500,,2,0,,,,,278500,1,528,1472,N,,,,,,,,,,,
,20180123-14:49:51.164,FROM CME,FALCON001,,ABC,P75,004,Y,8/1,,,64386:M:211322TN0041961,,201801230003,,ESH8,G,201801230003,64493056152,1,2000,278500,,2,0,,,,,278500,1,529,1471,N,,,,,,,,,,,
,20180123-14:49:51.363,FROM CME,FALCON001,,ABC,P75,004,Y,8/1,,,64386:M:211324TN0041962,,201801230003,,ESH8,G,201801230003,64493056152,1,2000,278500,,2,0,,,,,278500,1,530,1470,N,,,,,,,,,,,
,20180123-14:49:51.564,FROM CME,FALCON001,,ABC,P75,004,Y,8/1,,,64386:M:211326TN0041963,,201801230003,,ESH8,G,201801230003,64493056152,1,2000,278500,,2,0,,,,,278500,1,531,1469,N,,,,,,,,,,,
,20180123-14:49:51.964,FROM CME,FALCON001,,ABC,P75,004,Y,8/1,,,64386:M:211328TN0041964,,201801230003,,ESH8,G,201801230003,64493056152,1,2000,278500,,2,0,,,,,278500,80,611,1389,N,,,,,,,,,,,
,20180123-14:49:52.165,FROM CME,FALCON001,,ABC,P75,004,Y,8/1,,,64386:M:211330TN0041965,,201801230003,,ESH8,G,201801230003,64493056152,1,2000,278500,,2,0,,,,,278500,3,614,1386,N,,,,,,,,,,,
,20180123-14:49:52.364,FROM CME,FALCON001,,ABC,P75,004,Y,8/1,,,64386:M:211332TN0041966,,201801230003,,ESH8,G,201801230003,64493056152,1,2000,278500,,2,0,,,,,278500,80,694,1306,N,,,,,,,,,,,
,20180123-14:49:52.564,FROM CME,FALCON001,,ABC,P75,004,Y,8/1,,,64386:M:211334TN0041967,,201801230003,,ESH8,G,201801230003,64493056152,1,2000,278500,,2,0,,,,,278500,80,774,1226,N,,,,,,,,,,,
,20180123-14:49:53.164,FROM CME,FALCON001,,ABC,P75,004,Y,8/1,,,64386:M:211336TN0041968,,201801230003,,ESH8,G,201801230003,64493056152,1,2000,278500,,2,0,,,,,278500,7,781,1219,N,,,,,,,,,,,
,20180123-14:49:53.365,FROM CME,FALCON001,,ABC,P75,004,Y,8/1,,,64386:M:211338TN0041969,,201801230003,,ESH8,G,201801230003,64493056152,1,2000,278500,,2,0,,,,,278500,5,786,1214,N,,,,,,,,,,,
,20180123-14:49:53.566,FROM CME,FALCON001,,ABC,P75,004,Y,8/1,,,64386:M:211340TN0041970,,201801230003,,ESH8,G,201801230003,64493056152,1,2000,278500,,2,0,,,,,278500,10,796,1204,N,,,,,,,,,,,
,20180123-14:49:53.764,FROM CME,FALCON001,,ABC,P75,004,Y,8/1,,,64386:M:211342TN0041971,,201801230003,,ESH8,G,201801230003,64493056152,1,2000,278500,,2,0,,,,,278500,1,797,1203,N,,,,,,,,,,,
,20180123-14:49:53.965,FROM CME,FALCON001,,ABC,P75,004,Y,8/1,,,64386:M:211344TN0041972,,201801230003,,ESH8,G,201801230003,64493056152,1,2000,278500,,2,0,,,,,278500,2,799,1201,N,,,,,,,,,,,
,20180123-14:49:54.364,FROM CME,FALCON001,,ABC,P75,004,Y,8/1,,,64386:M:211346TN0041973,,201801230003,,ESH8,G,201801230003,64493056152,1,2000,278500,,2,0,,,,,278500,14,813,1187,N,,,,,,,,,,,
,20180123-14:49:55.164,FROM CME,FALCON001,,ABC,P75,004,Y,8/1,,,64386:M:211348TN0041974,,201801230003,,ESH8,G,201801230003,64493056152,1,2000,278500,,2,0,,,,,278500,2,815,1185,N,,,,,,,,,,,
,20180123-14:49:55.764,FROM CME,FALCON001,,ABC,P75,004,Y,8/1,,,64386:M:211350TN0041975,,201801230003,,ESH8,G,201801230003,64493056152,1,2000,278500,,2,0,,,,,278500,1,816,1184,N,,,,,,,,,,,
,20180123-14:49:56.368,FROM CME,FALCON001,,ABC,P75,004,Y,8/1,,,64386:M:211352TN0041976,,201801230003,,ESH8,G,201801230003,64493056152,1,2000,278500,,2,0,,,,,278500,15,831,1169,N,,,,,,,,,,,
,20180123-14:49:56.564,FROM CME,FALCON001,,ABC,P75,004,Y,8/1,,,64386:M:211354TN0041977,,201801230003,,ESH8,G,201801230003,64493056152,1,2000,278500,,2,0,,,,,278500,2,833,1167,N,,,,,,,,,,,
,20180123-14:49:56.764,FROM CME,FALCON001,,ABC,P75,004,Y,8/1,,,64386:M:211356TN0041978,,201801230003,,ESH8,G,201801230003,64493056152,1,2000,278500,,2,0,,,,,278500,9,842,1158,N,,,,,,,,,,,
,20180123-14:49:56.964,FROM CME,FALCON001,,ABC,P75,004,Y,8/1,,,64386:M:211358TN0041979,,201801230003,,ESH8,G,201801230003,64493056152,1,2000,278500,,2,0,,,,,278500,1,843,1157,N,,,,,,,,,,,
,20180123-14:49:57.165,FROM CME,FALCON001,,ABC,P75,004,Y,8/1,,,64386:M:211360TN0041980,,201801230003,,ESH8,G,201801230003,64493056152,1,2000,278500,,2,0,,,,,278500,2,845,1155,N,,,,,,,,,,,
,20180123-14:49:57.364,FROM CME,FALCON001,,ABC,P75,004,Y,8/1,,,64386:M:211362TN0041981,,201801230003,,ESH8,G,201801230003,64493056152,1,2000,278500,,2,0,,,,,278500,1,846,1154,N,,,,,,,,,,,
,20180123-14:49:57.564,FROM CME,FALCON001,,ABC,P75,004,Y,8/1,,,64386:M:211364TN0041982,,201801230003,,ESH8,G,201801230003,64493056152,1,2000,278500,,2,0,,,,,278500,1,847,1153,N,,,,,,,,,,,
,20180123-14:49:57.764,FROM CME,FALCON001,,ABC,P75,004,Y,8/1,,,64386:M:211366TN0041983,,201801230003,,ESH8,G,201801230003,64493056152,1,2000,278500,,2,0,,,,,278500,6,853,1147,N,,,,,,,,,,,
,20180123-14:49:57.965,FROM CME,FALCON001,,ABC,P75,004,Y,8/1,,,64386:M:211368TN0041984,,201801230003,,ESH8,G,201801230003,64493056152,1,2000,278500,,2,0,,,,,278500,1,854,1146,N,,,,,,,,,,,
,20180123-14:49:58.964,FROM CME,FALCON001,,ABC,P75,004,Y,8/1,,,64386:M:211370TN0041985,,201801230003,,ESH8,G,201801230003,64493056152,1,2000,278500,,2,0,,,,,278500,69,923,1077,N,,,,,,,,,,,
,20180123-14:49:59.169,FROM CME,FALCON001,,ABC,P75,004,Y,8/1,,,64386:M:211372TN0041986,,201801230003,,ESH8,G,201801230003,64493056152,1,2000,278500,,2,0,,,,,278500,13,936,1064,N,,,,,,,,,,,
,20180123-14:49:59.364,FROM CME,FALCON001,,ABC,P75,004,Y,8/1,,,64386:M:211374TN0041987,,201801230003,,ESH8,G,201801230003,64493056152,1,2000,278500,,2,0,,,,,278500,2,938,1062,N,,,,,,,,,,,
,20180123-14:49:59.964,FROM CME,FALCON001,,ABC,P75,004,Y,8/1,,,64386:M:211376TN0041988,,201801230003,,ESH8,G,201801230003,64493056152,1,2000,278500,,2,0,,,,,278500,1,939,1061,N,,,,,,,,,,,
,20180123-14:50:00.165,FROM CME,FALCON001,,ABC,P75,004,Y,8/1,,,64386:M:211378TN0041989,,201801230003,,ESH8,G,201801230003,64493056152,1,2000,278500,,2,0,,,,,278500,1,940,1060,N,,,,,,,,,,,
,20180123-14:50:00.365,FROM CME,FALCON001,,ABC,P75,004,Y,8/1,,,64386:M:211380TN0041990,,201801230003,,ESH8,G,201801230003,64493056152,1,2000,278500,,2,0,,,,,278500,1,941,1059,N,,,,,,,,,,,
,20180123-14:50:00.564,FROM CME,FALCON001,,ABC,P75,004,Y,8/1,,,64386:M:211382TN0041991,,201801230003,,ESH8,G,201801230003,64493056152,1,2000,278500,,2,0,,,,,278500,5,946,1054,N,,,,,,,,,,,
,20180123-14:50:00.764,FROM CME,FALCON001,,ABC,P75,004,Y,8/1,,,64386:M:211384TN0041992,,201801230003,,ESH8,G,201801230003,64493056152,1,2000,278500,,2,0,,,,,278500,1,947,1053,N,,,,,,,,,,,
,20180123-14:50:00.965,FROM CME,FALCON001,,ABC,P75,004,Y,8/1,,,64386:M:211386TN0041993,,201801230003,,ESH8,G,201801230003,64493056152,1,2000,278500,,2,0,,,,,278500,3,950,1050,N,,,,,,,,,,,
,20180123-14:50:01.364,FROM CME,FALCON001,,ABC,P75,004,Y,8/1,,,64386:M:211388TN0041994,,201801230003,,ESH8,G,201801230003,64493056152,1,2000,278500,,2,0,,,,,278500,8,958,1042,N,,,,,,,,,,,
,20180123-14:50:02.165,FROM CME,FALCON001,,ABC,P75,004,Y,8/1,,,64386:M:211390TN0041995,,201801230003,,ESH8,G,201801230003,64493056152,1,2000,278500,,2,0,,,,,278500,3,961,1039,N,,,,,,,,,,,
,20180123-14:50:02.564,FROM CME,FALCON001,,ABC,P75,004,Y,8/1,,,64386:M:211392TN0041996,,201801230003,,ESH8,G,201801230003,64493056152,1,2000,278500,,2,0,,,,,278500,1,962,1038,N,,,,,,,,,,,
,20180123-14:50:02.764,FROM CME,FALCON001,,ABC,P75,004,Y,8/1,,,64386:M:211394TN0041997,,201801230003,,ESH8,G,201801230003,64493056152,1,2000,278500,,2,0,,,,,278500,1,963,1037,N,,,,,,,,,,,
,20180123-14:50:02.964,FROM CME,FALCON001,,ABC,P75,004,Y,8/1,,,64386:M:211396TN0041998,,201801230003,,ESH8,G,201801230003,64493056152,1,2000,278500,,2,0,,,,,278500,4,967,1033,N,,,,,,,,,,,
,20180123-14:50:03.164,FROM CME,FALCON001,,ABC,P75,004,Y,8/1,,,64386:M:211398TN0041999,,201801230003,,ESH8,G,201801230003,64493056152,1,2000,278500,,2,0,,,,,278500,1,968,1032,N,,,,,,,,,,,
,20180123-14:50:03.764,FROM CME,FALCON001,,ABC,P75,004,Y,8/1,,,64386:M:211400TN0042000,,201801230003,,ESH8,G,201801230003,64493056152,1,2000,278500,,2,0,,,,,278500,1,969,1031,N,,,,,,,,,,,
,20180123-14:50:03.969,FROM CME,FALCON001,,ABC,P75,004,Y,8/1,,,64386:M:211402TN0042001,,201801230003,,ESH8,G,201801230003,64493056152,1,2000,278500,,2,0,,,,,278500,6,975,1025,N,,,,,,,,,,,
,20180123-14:50:06.767,FROM CME,FALCON001,,ABC,P75,004,Y,8/1,,,64386:M:211404TN0042002,,201801230003,,ESH8,G,201801230003,64493056152,1,2000,278500,,2,0,,,,,278500,1,976,1024,N,,,,,,,,,,,
,20180123-14:50:06.968,FROM CME,FALCON001,,ABC,P75,004,Y,8/1,,,64386:M:211406TN0042003,,201801230003,,ESH8,G,201801230003,64493056152,1,2000,278500,,2,0,,,,,278500,1,977,1023,N,,,,,,,,,,,
,20180123-14:50:09.565,FROM CME,FALCON001,,ABC,P75,004,Y,8/1,,,64386:M:211408TN0042004,,201801230003,,ESH8,G,201801230003,64493056152,1,2000,278500,,2,0,,,,,278500,2,979,1021,N,,,,,,,,,,,
,20180123-14:50:10.364,FROM CME,FALCON001,,ABC,P75,004,Y,8/1,,,64386:M:211410TN0042005,,201801230003,,ESH8,G,201801230003,64493056152,1,2000,278500,,2,0,,,,,278500,1,980,1020,N,,,,,,,,,,,
,20180123-14:50:11.765,FROM CME,FALCON001,,ABC,P75,004,Y,8/1,,,64386:M:211412TN0042006,,201801230003,,ESH8,G,201801230003,64493056152,1,2000,278500,,2,0,,,,,278500,1,981,1019,N,,,,,,,,,,,
,20180123-14:50:12.564,FROM CME,FALCON001,,ABC,P75,004,Y,8/1,,,64386:M:211414TN0042007,,201801230003,,ESH8,G,201801230003,64493056152,1,2000,278500,,2,0,,,,,278500,5,986,1014,N,,,,,,,,,,,
,20180123-14:50:14.765,FROM CME,FALCON001,,ABC,P75,004,Y,8/1,,,64386:M:211416TN0042008,,201801230003,,ESH8,G,201801230003,64493056152,1,2000,278500,,2,0,,,,,278500,6,992,1008,N,,,,,,,,,,,
,20180123-14:50:16.564,FROM CME,FALCON001,,ABC,P75,004,Y,8/1,,,64386:M:211418TN0042009,,201801230003,,ESH8,G,201801230003,64493056152,1,2000,278500,,2,0,,,,,278500,1,993,1007,N,,,,,,,,,,,
,20180123-14:50:16.770,FROM CME,FALCON001,,ABC,P75,004,Y,8/1,,,64386:M:211420TN0042010,,201801230003,,ESH8,G,201801230003,64493056152,1,2000,278500,,2,0,,,,,278500,2,995,1005,N,,,,,,,,,,,
,20180123-14:50:17.165,FROM CME,FALCON001,,ABC,P75,004,Y,8/1,,,64386:M:211422TN0042011,,201801230003,,ESH8,G,201801230003,64493056152,1,2000,278500,,2,0,,,,,278500,1,996,1004,N,,,,,,,,,,,
,20180123-14:50:18.165,FROM CME,FALCON001,,ABC,P75,004,Y,8/1,,,64386:M:211424TN0042012,,201801230003,,ESH8,G,201801230003,64493056152,1,2000,278500,,2,0,,,,,278500,2,998,1002,N,,,,,,,,,,,
,20180123-14:50:18.564,FROM CME,FALCON001,,ABC,P75,004,Y,8/1,,,64386:M:211426TN0042013,,201801230003,,ESH8,G,201801230003,64493056152,1,2000,278500,,2,0,,,,,278500,24,1022,978,N,,,,,,,,,,,
,20180123-14:50:21.164,FROM CME,FALCON001,,ABC,P75,004,Y,8/1,,,64386:M:211428TN0042014,,201801230003,,ESH8,G,201801230003,64493056152,1,2000,278500,,2,0,,,,,278500,1,1023,977,N,,,,,,,,,,,
,20180123-14:50:21.968,FROM CME,FALCON001,,ABC,P75,004,Y,8/1,,,64386:M:211430TN0042015,,201801230003,,ESH8,G,201801230003,64493056152,1,2000,278500,,2,0,,,,,278500,1,1024,976,N,,,,,,,,,,,
,20180123-14:50:22.765,FROM CME,FALCON001,,ABC,P75,004,Y,8/1,,,64386:M:211432TN0042016,,201801230003,,ESH8,G,201801230003,64493056152,1,2000,278500,,2,0,,,,,278500,2,1026,974,N,,,,,,,,,,,
,20180123-14:50:23.967,FROM CME,FALCON001,,ABC,P75,004,Y,8/1,,,64386:M:211434TN0042017,,201801230003,,ESH8,G,201801230003,64493056152,1,2000,278500,,2,0,,,,,278500,1,1027,973,N,,,,,,,,,,,
,20180123-14:50:26.769,FROM CME,FALCON001,,ABC,P75,004,Y,8/1,,,64386:M:211436TN0042018,,201801230003,,ESH8,G,201801230003,64493056152,1,2000,278500,,2,0,,,,,278500,4,1031,969,N,,,,,,,,,,,
,20180123-14:50:26.968,FROM CME,FALCON001,,ABC,P75,004,Y,8/1,,,64386:M:211438TN0042019,,201801230003,,ESH8,G,201801230003,64493056152,1,2000,278500,,2,0,,,,,278500,6,1037,963,N,,,,,,,,,,,
,20180123-14:50:27.965,FROM CME,FALCON001,,ABC,P75,004,Y,8/1,,,64386:M:211440TN0042020,,201801230003,,ESH8,G,201801230003,64493056152,1,2000,278500,,2,0,,,,,278500,9,1046,954,N,,,,,,,,,,,
,20180123-14:50:28.568,FROM CME,FALCON001,,ABC,P75,004,Y,8/1,,,64386:M:211442TN0042021,,201801230003,,ESH8,G,201801230003,64493056152,1,2000,278500,,2,0,,,,,278500,3,1049,951,N,,,,,,,,,,,
,20180123-14:50:29.164,FROM CME,FALCON001,,ABC,P75,004,Y,8/1,,,64386:M:211444TN0042022,,201801230003,,ESH8,G,201801230003,64493056152,1,2000,278500,,2,0,,,,,278500,1,1050,950,N,,,,,,,,,,,
,20180123-14:50:29.564,FROM CME,FALCON001,,ABC,P75,004,Y,8/1,,,64386:M:211446TN0042023,,201801230003,,ESH8,G,201801230003,64493056152,1,2000,278500,,2,0,,,,,278500,1,1051,949,N,,,,,,,,,,,
,20180123-14:50:30.364,FROM CME,FALCON001,,ABC,P75,004,Y,8/1,,,64386:M:211448TN0042024,,201801230003,,ESH8,G,201801230003,64493056152,1,2000,278500,,2,0,,,,,278500,2,1053,947,N,,,,,,,,,,,
,20180123-14:50:30.569,FROM CME,FALCON001,,ABC,P75,004,Y,8/1,,,64386:M:211450TN0042025,,201801230003,,ESH8,G,201801230003,64493056152,1,2000,278500,,2,0,,,,,278500,1,1054,946,N,,,,,,,,,,,
,20180123-14:50:30.964,FROM CME,FALCON001,,ABC,P75,004,Y,8/1,,,64386:M:211452TN0042026,,201801230003,,ESH8,G,201801230003,64493056152,1,2000,278500,,2,0,,,,,278500,1,1055,945,N,,,,,,,,,,,
,20180123-14:50:33.164,FROM CME,FALCON001,,ABC,P75,004,Y,8/1,,,64386:M:211454TN0042027,,201801230003,,ESH8,G,201801230003,64493056152,1,2000,278500,,2,0,,,,,278500,8,1063,937,N,,,,,,,,,,,
,20180123-14:50:34.764,FROM CME,FALCON001,,ABC,P75,004,Y,8/1,,,64386:M:211456TN0042028,,201801230003,,ESH8,G,201801230003,64493056152,1,2000,278500,,2,0,,,,,278500,6,1069,931,N,,,,,,,,,,,
,20180123-14:50:35.564,FROM CME,FALCON001,,ABC,P75,004,Y,8/1,,,64386:M:211460TN0042030,,201801230003,,ESH8,G,201801230003,64493056152,1,2000,278500,,2,0,,,,,278500,1,1070,930,N,,,,,,,,,,,
,20180123-14:50:36.767,FROM CME,FALCON001,,ABC,P75,004,Y,8/1,,,64386:M:211462TN0042031,,201801230003,,ESH8,G,201801230003,64493056152,1,2000,278500,,2,0,,,,,278500,3,1073,927,N,,,,,,,,,,,
,20180123-14:50:36.969,FROM CME,FALCON001,,ABC,P75,004,Y,8/1,,,64386:M:211464TN0042032,,201801230003,,ESH8,G,201801230003,64493056152,1,2000,278500,,2,0,,,,,278500,2,1075,925,N,,,,,,,,,,,
,20180123-14:50:38.364,FROM CME,FALCON001,,ABC,P75,004,Y,8/1,,,64386:M:211466TN0042033,,201801230003,,ESH8,G,201801230003,64493056152,1,2000,278500,,2,0,,,,,278500,1,1076,924,N,,,,,,,,,,,
,20180123-14:50:41.164,FROM CME,FALCON001,,ABC,P75,004,Y,8/1,,,64386:M:211468TN0042034,,201801230003,,ESH8,G,201801230003,64493056152,1,2000,278500,,2,0,,,,,278500,1,1077,923,N,,,,,,,,,,,
,20180123-14:50:41.364,FROM CME,FALCON001,,ABC,P75,004,Y,8/1,,,64386:M:211470TN0042035,,201801230003,,ESH8,G,201801230003,64493056152,1,2000,278500,,2,0,,,,,278500,6,1083,917,N,,,,,,,,,,,
,20180123-14:50:41.764,FROM CME,FALCON001,,ABC,P75,004,Y,8/1,,,64386:M:211472TN0042036,,201801230003,,ESH8,G,201801230003,64493056152,1,2000,278500,,2,0,,,,,278500,1,1084,916,N,,,,,,,,,,,
,20180123-14:50:41.966,FROM CME,FALCON001,,ABC,P75,004,Y,8/1,,,64386:M:211474TN0042037,,201801230003,,ESH8,G,201801230003,64493056152,1,2000,278500,,2,0,,,,,278500,6,1090,910,N,,,,,,,,,,,
,20180123-14:50:42.174,FROM CME,FALCON001,,ABC,P75,004,Y,8/1,,,64386:M:211476TN0042038,,201801230003,,ESH8,G,201801230003,64493056152,1,2000,278500,,2,0,,,,,278500,10,1100,900,N,,,,,,,,,,,
,20180123-14:50:42.565,FROM CME,FALCON001,,ABC,P75,004,Y,8/1,,,64386:M:211478TN0042039,,201801230003,,ESH8,G,201801230003,64493056152,1,2000,278500,,2,0,,,,,278500,6,1106,894,N,,,,,,,,,,,
,20180123-14:50:42.965,FROM CME,FALCON001,,ABC,P75,004,Y,8/1,,,64386:M:211480TN0042040,,201801230003,,ESH8,G,201801230003,64493056152,1,2000,278500,,2,0,,,,,278500,2,1108,892,N,,,,,,,,,,,
,20180123-14:50:43.166,FROM CME,FALCON001,,ABC,P75,004,Y,8/1,,,64386:M:211482TN0042041,,201801230003,,ESH8,G,201801230003,64493056152,1,2000,278500,,2,0,,,,,278500,1,1109,891,N,,,,,,,,,,,
,20180123-14:50:43.364,FROM CME,FALCON001,,ABC,P75,004,Y,8/1,,,64386:M:211484TN0042042,,201801230003,,ESH8,G,201801230003,64493056152,1,2000,278500,,2,0,,,,,278500,1,1110,890,N,,,,,,,,,,,
,20180123-14:50:43.565,FROM CME,FALCON001,,ABC,P75,004,Y,8/1,,,64386:M:211486TN0042043,,201801230003,,ESH8,G,201801230003,64493056152,1,2000,278500,,2,0,,,,,278500,9,1119,881,N,,,,,,,,,,,
,20180123-14:50:43.964,FROM CME,FALCON001,,ABC,P75,004,Y,8/1,,,64386:M:211488TN0042044,,201801230003,,ESH8,G,201801230003,64493056152,1,2000,278500,,2,0,,,,,278500,1,1120,880,N,,,,,,,,,,,
,20180123-14:50:44.164,FROM CME,FALCON001,,ABC,P75,004,Y,8/1,,,64386:M:211490TN0042045,,201801230003,,ESH8,G,201801230003,64493056152,1,2000,278500,,2,0,,,,,278500,5,1125,875,N,,,,,,,,,,,
,20180123-14:50:46.364,FROM CME,FALCON001,,ABC,P75,004,Y,8/1,,,64386:M:211492TN0042046,,201801230003,,ESH8,G,201801230003,64493056152,1,2000,278500,,2,0,,,,,278500,31,1156,844,N,,,,,,,,,,,
,20180123-14:50:47.764,FROM CME,FALCON001,,ABC,P75,004,Y,8/1,,,64386:M:211494TN0042047,,201801230003,,ESH8,G,201801230003,64493056152,1,2000,278500,,2,0,,,,,278500,5,1161,839,N,,,,,,,,,,,
,20180123-14:50:50.564,FROM CME,FALCON001,,ABC,P75,004,Y,8/1,,,64386:M:211496TN0042048,,201801230003,,ESH8,G,201801230003,64493056152,1,2000,278500,,2,0,,,,,278500,5,1166,834,N,,,,,,,,,,,
,20180123-14:50:51.764,FROM CME,FALCON001,,ABC,P75,004,Y,8/1,,,64386:M:211498TN0042049,,201801230003,,ESH8,G,201801230003,64493056152,1,2000,278500,,2,0,,,,,278500,5,1171,829,N,,,,,,,,,,,
,20180123-14:50:52.369,FROM CME,FALCON001,,ABC,P75,004,Y,8/1,,,64386:M:211500TN0042050,,201801230003,,ESH8,G,201801230003,64493056152,1,2000,278500,,2,0,,,,,278500,1,1172,828,N,,,,,,,,,,,
,20180123-14:50:52.564,FROM CME,FALCON001,,ABC,P75,004,Y,8/1,,,64386:M:211502TN0042051,,201801230003,,ESH8,G,201801230003,64493056152,1,2000,278500,,2,0,,,,,278500,6,1178,822,N,,,,,,,,,,,
,20180123-14:50:52.766,FROM CME,FALCON001,,ABC,P75,004,Y,8/1,,,64386:M:211504TN0042052,,201801230003,,ESH8,G,201801230003,64493056152,1,2000,278500,,2,0,,,,,278500,6,1184,816,N,,,,,,,,,,,
,20180123-14:50:53.964,FROM CME,FALCON001,,ABC,P75,004,Y,8/1,,,64386:M:211506TN0042053,,201801230003,,ESH8,G,201801230003,64493056152,1,2000,278500,,2,0,,,,,278500,8,1192,808,N,,,,,,,,,,,
,20180123-14:50:56.369,FROM CME,FALCON001,,ABC,P75,004,Y,8/1,,,64386:M:211508TN0042054,,201801230003,,ESH8,G,201801230003,64493056152,1,2000,278500,,2,0,,,,,278500,6,1198,802,N,,,,,,,,,,,
,20180123-14:50:56.564,FROM CME,FALCON001,,ABC,P75,004,Y,8/1,,,64386:M:211510TN0042055,,201801230003,,ESH8,G,201801230003,64493056152,1,2000,278500,,2,0,,,,,278500,1,1199,801,N,,,,,,,,,,,
,20180123-14:50:57.964,FROM CME,FALCON001,,ABC,P75,004,Y,8/1,,,64386:M:211512TN0042056,,201801230003,,ESH8,G,201801230003,64493056152,1,2000,278500,,2,0,,,,,278500,6,1205,795,N,,,,,,,,,,,
,20180123-14:50:58.565,FROM CME,FALCON001,,ABC,P75,004,Y,8/1,,,64386:M:211514TN0042057,,201801230003,,ESH8,G,201801230003,64493056152,1,2000,278500,,2,0,,,,,278500,9,1214,786,N,,,,,,,,,,,
,20180123-14:50:59.365,FROM CME,FALCON001,,ABC,P75,004,Y,8/1,,,64386:M:211516TN0042058,,201801230003,,ESH8,G,201801230003,64493056152,1,2000,278500,,2,0,,,,,278500,6,1220,780,N,,,,,,,,,,,
20180123-14:51:00.147,,TO CME,Falcon001,,ABC,P75,004,Y,F,,,,,201801230003,,ESH8,G,201801230004,64493056152,1,,,,,,,,,CN,,,,,,,,,,,,,,,,
,20180123-14:51:00.334,FROM CME,FALCON001,,ABC,P75,004,Y,8/4,,,64386:842898,,201801230003,,ESH8,G,201801230004,64493056152,1,2000,278500,,2,0,,2000,,,,,0,0,,,,,,,,,,,,
20180126-15:47:53.404,,TO CME,Falcon001,,ABC,P75,004,Y,D,1,1,,,201801260031,,ESH8-ESM8,G,201801260031,,1,2,800,,2,0,,2,,CN,,,,,,,,,,,,,,,,
,20180126-15:47:53.590,FROM CME,FALCON001,,ABC,P75,004,Y,8/0,,,64387:473481,,201801260031,,ESH8-ESM8,G,201801260031,64494091325,1,2,800,,2,0,,2,,,,,0,2,,,,,,,,,,,,
,20180126-15:49:19.384,FROM CME,FALCON001,,ABC,P75,004,Y,8/1,,,64387:M:114650TN0000012,,201801260031,,ESH8-ESM8,G,201801260031,64494091325,1,2,800,,2,0,,,,,800,1,1,1,N,,,,,,,,,,,
,20180126-15:49:19.385,FROM CME,FALCON001,,ABC,P75,004,Y,8/1,,,64387:M:114652TN0057182,,201801260031,,ESH8,G,201801260031,64494091325,2,,,,2,,,,,,284100,1,1,,,,,,,,,,,,,
,20180126-15:49:19.385,FROM CME,FALCON001,,ABC,P75,004,Y,8/1,,,64387:M:114654TN0000116,,201801260031,,ESM8,G,201801260031,64494091325,1,,,,2,,,,,,284900,1,1,,,,,,,,,,,,,
,20180126-15:50:17.406,FROM CME,FALCON001,,ABC,P75,004,Y,8/2,,,64387:M:114748TN0000013,,201801260031,,ESH8-ESM8,G,201801260031,64494091325,1,2,800,,2,0,,,,,800,1,2,0,N,,,,,,,,,,,
,20180126-15:50:17.406,FROM CME,FALCON001,,ABC,P75,004,Y,8/2,,,64387:M:114750TN0057229,,201801260031,,ESH8,G,201801260031,64494091325,2,,,,2,,,,,,284100,1,2,,,,,,,,,,,,,
,20180126-15:50:17.593,FROM CME,FALCON001,,ABC,P75,004,Y,8/2,,,64387:M:114752TN0000117,,201801260031,,ESM8,G,201801260031,64494091325,1,,,,2,,,,,,284900,1,2,,,,,,,,,,,,,
20180124-14:32:38.535,,TO CME,Falcon001,,ABC,P75,004,Y,D,1,1,,,201801240002,,ESH8,G,201801240002,,1,2000,278650,,2,3,,,1,CN,,,,,,,,,,,,,,,,
,20180124-14:32:38.724,FROM CME,FALCON001,,ABC,P75,004,Y,8/0,,,64386:1350383,,201801240002,,ESH8,G,201801240002,64493380951,1,2000,278650,,2,3,,,,,,,0,2000,,,,,,,,,,,,
,20180124-14:32:38.724,FROM CME,FALCON001,,ABC,P75,004,Y,8/1,,,64386:M:325494TN0038648,,201801240002,,ESH8,G,201801240002,64493380951,1,2000,278650,,2,3,,,,,278500,1,1,1999,Y,,,,,,,,,,,
,20180124-14:32:38.726,FROM CME,FALCON001,,ABC,P75,004,Y,8/1,,,64386:M:325496TN0038649,,201801240002,,ESH8,G,201801240002,64493380951,1,2000,278650,,2,3,,,,,278500,2,3,1997,Y,,,,,,,,,,,
,20180124-14:32:38.726,FROM CME,FALCON001,,ABC,P75,004,Y,8/1,,,64386:M:325498TN0038650,,201801240002,,ESH8,G,201801240002,64493380951,1,2000,278650,,2,3,,,,,278525,1,4,1996,Y,,,,,,,,,,,
,20180124-14:32:38.726,FROM CME,FALCON001,,ABC,P75,004,Y,8/1,,,64386:M:325500TN0038651,,201801240002,,ESH8,G,201801240002,64493380951,1,2000,278650,,2,3,,,,,278525,1,5,1995,Y,,,,,,,,,,,
,20180124-14:32:38.726,FROM CME,FALCON001,,ABC,P75,004,Y,8/1,,,64386:M:325502TN0038652,,201801240002,,ESH8,G,201801240002,64493380951,1,2000,278650,,2,3,,,,,278525,1,6,1994,Y,,,,,,,,,,,
,20180124-14:32:38.727,FROM CME,FALCON001,,ABC,P75,004,Y,8/1,,,64386:M:325504TN0038653,,201801240002,,ESH8,G,201801240002,64493380951,1,2000,278650,,2,3,,,,,278550,1,7,1993,Y,,,,,,,,,,,
,20180124-14:32:38.909,FROM CME,FALCON001,,ABC,P75,004,Y,8/1,,,64386:M:325506TN0038654,,201801240002,,ESH8,G,201801240002,64493380951,1,2000,278650,,2,3,,,,,278550,1,8,1992,Y,,,,,,,,,,,
,20180124-14:32:38.909,FROM CME,FALCON001,,ABC,P75,004,Y,8/C,,,64386:1350384,,201801240002,,ESH8,G,201801240002,64493380951,1,2000,278650,,2,3,,,,,,,0,0,,,,,,,,,,,,
20180125-14:09:07.135,,TO CME,Falcon001,,ABC,P75,004,Y,D,1,1,,,201801250003,,ESH8,G,201801250003,,1,2000,292000,,2,0,,1000,,CN,,,,,,,,,,,,,,,,
,20180125-14:09:07.343,FROM CME,FALCON001,,ABC,P75,004,Y,8/0,,,64386:1601109,,201801250003,,ESH8,G,201801250003,64493538099,1,2000,292000,,2,0,,1000,,,,,0,2000,,,,,,,,,,,,
,20180125-14:09:07.345,FROM CME,FALCON001,,ABC,P75,004,Y,8/1,,,64386:M:373200TN0002595,,201801250003,,ESH8,G,201801250003,64493538099,1,2000,292000,,2,0,,,,,289875,845,845,1155,Y,,,,,,,,,,,
,20180125-14:09:07.345,FROM CME,FALCON001,,ABC,P75,004,Y,8/1,,,64386:M:373202TN0002596,,201801250003,,ESH8,G,201801250003,64493538099,1,2000,292000,,2,0,,,,,289875,7,852,1148,Y,,,,,,,,,,,
,20180125-14:09:07.346,FROM CME,FALCON001,,ABC,P75,004,Y,8/1,,,64386:M:373204TN0002597,,201801250003,,ESH8,G,201801250003,64493538099,1,2000,292000,,2,0,,,,,289900,602,1454,546,Y,,,,,,,,,,,
,20180125-14:09:07.346,FROM CME,FALCON001,,ABC,P75,004,Y,8/1,,,64386:M:373206TN0002598,,201801250003,,ESH8,G,201801250003,64493538099,1,2000,292000,,2,0,,,,,289900,15,1469,531,Y,,,,,,,,,,,
,20180125-14:09:07.346,FROM CME,FALCON001,,ABC,P75,004,Y,8/1,,,64386:M:373208TN0002599,,201801250003,,ESH8,G,201801250003,64493538099,1,2000,292000,,2,0,,,,,289900,8,1477,523,Y,,,,,,,,,,,
,20180125-14:09:07.543,FROM CME,FALCON001,,ABC,P75,004,Y,8/1,,,64386:M:373210TN0002600,,201801250003,,ESH8,G,201801250003,64493538099,1,2000,292000,,2,0,,,,,289900,22,1499,501,Y,,,,,,,,,,,
,20180125-14:09:07.543,FROM CME,FALCON001,,ABC,P75,004,Y,8/1,,,64386:M:373212TN0002601,,201801250003,,ESH8,G,201801250003,64493538099,1,2000,292000,,2,0,,,,,289900,21,1520,480,Y,,,,,,,,,,,
,20180125-14:09:07.543,FROM CME,FALCON001,,ABC,P75,004,Y,8/2,,,64386:M:373214TN0002602,,201801250003,,ESH8,G,201801250003,64493538099,1,2000,292000,,2,0,,,,,289925,480,2000,0,Y,,,,,,,,,,,
20180125-14:32:29.338,,TO CME,Falcon001,,ABC,P75,004,Y,D,1,1,,,201801250012,,ESH8,G,201801250012,,2,1000,,,1,0,,1000,,CN,,,,,,,,,,,,,,,,
,20180125-14:32:29.535,FROM CME,FALCON001,,ABC,P75,004,Y,8/0,,,64386:1621120,,201801250012,,ESH8,G,201801250012,64493549004,2,1000,289225,,1,0,,1000,,,,,0,1000,,,,,,,,,,,,
,20180125-14:32:29.535,FROM CME,FALCON001,,ABC,P75,004,Y,8/1,,,64386:M:373261TN0002624,,201801250012,,ESH8,G,201801250012,64493549004,2,1000,289225,,1,0,,,,,289225,999,999,1,Y,,,,,,,,,,,
,20180125-14:32:35.720,FROM CME,FALCON001,,ABC,P75,004,Y,8/2,,,64386:M:373263TN0002625,,201801250012,,ESH8,G,201801250012,64493549004,2,1000,289225,,1,0,,,,,289225,1,1000,0,Y,,,,,,,,,,,
20180125-15:05:13.358,,TO CME,Falcon001,,ABC,P75,004,Y,D,1,1,,,201801250040,,ESH8,G,201801250040,,2,1000,270000,289600,4,0,,1000,,CN,,,,,,,,,,,,,,,,
,20180125-15:05:13.545,FROM CME,FALCON001,,ABC,P75,004,Y,8/0,,,64386:1652508,,201801250040,,ESH8,G,201801250040,64493566490,2,1000,270000,289600,4,0,,1000,,,,,0,1000,,,,,,,,,,,,
,20180125-15:09:20.170,FROM CME,FALCON001,,ABC,P75,004,Y,8/0,,,64386:1655844,,201801250040,,ESH8,G,201801250040,64493566490,2,1000,270000,289600,2,0,,1000,,,,,0,1000,,,,,,,,,,,,
,20180125-15:09:20.175,FROM CME,FALCON001,,ABC,P75,004,Y,8/1,,,64386:M:374217TN0003100,,201801250040,,ESH8,G,201801250040,64493566490,2,1000,270000,,2,0,,,,,289050,9,9,991,Y,,,,,,,,,,,
,20180125-15:09:20.175,FROM CME,FALCON001,,ABC,P75,004,Y,8/1,,,64386:M:374219TN0003101,,201801250040,,ESH8,G,201801250040,64493566490,2,1000,270000,,2,0,,,,,289050,13,22,978,Y,,,,,,,,,,,
,20180125-15:09:20.175,FROM CME,FALCON001,,ABC,P75,004,Y,8/1,,,64386:M:374221TN0003102,,201801250040,,ESH8,G,201801250040,64493566490,2,1000,270000,,2,0,,,,,289050,1,23,977,Y,,,,,,,,,,,
,20180125-15:09:20.175,FROM CME,FALCON001,,ABC,P75,004,Y,8/1,,,64386:M:374223TN0003103,,201801250040,,ESH8,G,201801250040,64493566490,2,1000,270000,,2,0,,,,,289050,11,34,966,Y,,,,,,,,,,,
,20180125-15:09:20.175,FROM CME,FALCON001,,ABC,P75,004,Y,8/1,,,64386:M:374225TN0003104,,201801250040,,ESH8,G,201801250040,64493566490,2,1000,270000,,2,0,,,,,289050,12,46,954,Y,,,,,,,,,,,
,20180125-15:09:20.175,FROM CME,FALCON001,,ABC,P75,004,Y,8/1,,,64386:M:374227TN0003105,,201801250040,,ESH8,G,201801250040,64493566490,2,1000,270000,,2,0,,,,,289050,3,49,951,Y,,,,,,,,,,,
,20180125-15:09:20.176,FROM CME,FALCON001,,ABC,P75,004,Y,8/1,,,64386:M:374229TN0003106,,201801250040,,ESH8,G,201801250040,64493566490,2,1000,270000,,2,0,,,,,289050,5,54,946,Y,,,,,,,,,,,
,20180125-15:09:20.176,FROM CME,FALCON001,,ABC,P75,004,Y,8/1,,,64386:M:374231TN0003107,,201801250040,,ESH8,G,201801250040,64493566490,2,1000,270000,,2,0,,,,,289050,18,72,928,Y,,,,,,,,,,,
,20180125-15:09:20.195,FROM CME,FALCON001,,ABC,P75,004,Y,8/1,,,64386:M:374233TN0003108,,201801250040,,ESH8,G,201801250040,64493566490,2,1000,270000,,2,0,,,,,289050,13,85,915,Y,,,,,,,,,,,
,20180125-15:09:20.196,FROM CME,FALCON001,,ABC,P75,004,Y,8/1,,,64386:M:374235TN0003109,,201801250040,,ESH8,G,201801250040,64493566490,2,1000,270000,,2,0,,,,,289050,16,101,899,Y,,,,,,,,,,,
,20180125-15:09:20.196,FROM CME,FALCON001,,ABC,P75,004,Y,8/1,,,64386:M:374237TN0003110,,201801250040,,ESH8,G,201801250040,64493566490,2,1000,270000,,2,0,,,,,289050,22,123,877,Y,,,,,,,,,,,
,20180125-15:09:20.196,FROM CME,FALCON001,,ABC,P75,004,Y,8/1,,,64386:M:374239TN0003111,,201801250040,,ESH8,G,201801250040,64493566490,2,1000,270000,,2,0,,,,,289050,2,125,875,Y,,,,,,,,,,,
,20180125-15:09:20.196,FROM CME,FALCON001,,ABC,P75,004,Y,8/1,,,64386:M:374241TN0003112,,201801250040,,ESH8,G,201801250040,64493566490,2,1000,270000,,2,0,,,,,289050,19,144,856,Y,,,,,,,,,,,
,20180125-15:09:20.196,FROM CME,FALCON001,,ABC,P75,004,Y,8/1,,,64386:M:374243TN0003113,,201801250040,,ESH8,G,201801250040,64493566490,2,1000,270000,,2,0,,,,,289050,20,164,836,Y,,,,,,,,,,,
,20180125-15:09:20.196,FROM CME,FALCON001,,ABC,P75,004,Y,8/1,,,64386:M:374245TN0003114,,201801250040,,ESH8,G,201801250040,64493566490,2,1000,270000,,2,0,,,,,289050,16,180,820,Y,,,,,,,,,,,
,20180125-15:09:20.196,FROM CME,FALCON001,,ABC,P75,004,Y,8/1,,,64386:M:374247TN0003115,,201801250040,,ESH8,G,201801250040,64493566490,2,1000,270000,,2,0,,,,,289050,14,194,806,Y,,,,,,,,,,,
,20180125-15:09:20.197,FROM CME,FALCON001,,ABC,P75,004,Y,8/1,,,64386:M:374249TN0003116,,201801250040,,ESH8,G,201801250040,64493566490,2,1000,270000,,2,0,,,,,289050,6,200,800,Y,,,,,,,,,,,
,20180125-15:09:20.197,FROM CME,FALCON001,,ABC,P75,004,Y,8/1,,,64386:M:374251TN0003117,,201801250040,,ESH8,G,201801250040,64493566490,2,1000,270000,,2,0,,,,,289050,47,247,753,Y,,,,,,,,,,,
,20180125-15:09:20.197,FROM CME,FALCON001,,ABC,P75,004,Y,8/1,,,64386:M:374253TN0003118,,201801250040,,ESH8,G,201801250040,64493566490,2,1000,270000,,2,0,,,,,289025,16,263,737,Y,,,,,,,,,,,
,20180125-15:09:20.197,FROM CME,FALCON001,,ABC,P75,004,Y,8/1,,,64386:M:374255TN0003119,,201801250040,,ESH8,G,201801250040,64493566490,2,1000,270000,,2,0,,,,,289025,22,285,715,Y,,,,,,,,,,,
,20180125-15:09:20.197,FROM CME,FALCON001,,ABC,P75,004,Y,8/1,,,64386:M:374257TN0003120,,201801250040,,ESH8,G,201801250040,64493566490,2,1000,270000,,2,0,,,,,289025,6,291,709,Y,,,,,,,,,,,
,20180125-15:09:20.197,FROM CME,FALCON001,,ABC,P75,004,Y,8/1,,,64386:M:374259TN0003121,,201801250040,,ESH8,G,201801250040,64493566490,2,1000,270000,,2,0,,,,,289025,19,310,690,Y,,,,,,,,,,,
,20180125-15:09:20.197,FROM CME,FALCON001,,ABC,P75,004,Y,8/1,,,64386:M:374261TN0003122,,201801250040,,ESH8,G,201801250040,64493566490,2,1000,270000,,2,0,,,,,289025,6,316,684,Y,,,,,,,,,,,
,20180125-15:09:20.197,FROM CME,FALCON001,,ABC,P75,004,Y,8/1,,,64386:M:374263TN0003123,,201801250040,,ESH8,G,201801250040,64493566490,2,1000,270000,,2,0,,,,,289025,19,335,665,Y,,,,,,,,,,,
,20180125-15:09:20.197,FROM CME,FALCON001,,ABC,P75,004,Y,8/1,,,64386:M:374265TN0003124,,201801250040,,ESH8,G,201801250040,64493566490,2,1000,270000,,2,0,,,,,289025,4,339,661,Y,,,,,,,,,,,
,20180125-15:09:20.355,FROM CME,FALCON001,,ABC,P75,004,Y,8/1,,,64386:M:374267TN0003125,,201801250040,,ESH8,G,201801250040,64493566490,2,1000,270000,,2,0,,,,,289025,21,360,640,Y,,,,,,,,,,,
,20180125-15:09:20.355,FROM CME,FALCON001,,ABC,P75,004,Y,8/1,,,64386:M:374269TN0003126,,201801250040,,ESH8,G,201801250040,64493566490,2,1000,270000,,2,0,,,,,289025,1,361,639,Y,,,,,,,,,,,
,20180125-15:09:20.355,FROM CME,FALCON001,,ABC,P75,004,Y,8/1,,,64386:M:374271TN0003127,,201801250040,,ESH8,G,201801250040,64493566490,2,1000,270000,,2,0,,,,,289025,6,367,633,Y,,,,,,,,,,,
,20180125-15:09:20.355,FROM CME,FALCON001,,ABC,P75,004,Y,8/1,,,64386:M:374273TN0003128,,201801250040,,ESH8,G,201801250040,64493566490,2,1000,270000,,2,0,,,,,289025,8,375,625,Y,,,,,,,,,,,
,20180125-15:09:20.355,FROM CME,FALCON001,,ABC,P75,004,Y,8/1,,,64386:M:374275TN0003129,,201801250040,,ESH8,G,201801250040,64493566490,2,1000,270000,,2,0,,,,,289025,24,399,601,Y,,,,,,,,,,,
,20180125-15:09:20.359,FROM CME,FALCON001,,ABC,P75,004,Y,8/1,,,64386:M:374277TN0003130,,201801250040,,ESH8,G,201801250040,64493566490,2,1000,270000,,2,0,,,,,289025,13,412,588,Y,,,,,,,,,,,
,20180125-15:09:20.359,FROM CME,FALCON001,,ABC,P75,004,Y,8/1,,,64386:M:374279TN0003131,,201801250040,,ESH8,G,201801250040,64493566490,2,1000,270000,,2,0,,,,,289025,5,417,583,Y,,,,,,,,,,,
,20180125-15:09:20.359,FROM CME,FALCON001,,ABC,P75,004,Y,8/1,,,64386:M:374281TN0003132,,201801250040,,ESH8,G,201801250040,64493566490,2,1000,270000,,2,0,,,,,289025,20,437,563,Y,,,,,,,,,,,
,20180125-15:09:20.360,FROM CME,FALCON001,,ABC,P75,004,Y,8/1,,,64386:M:374283TN0003133,,201801250040,,ESH8,G,201801250040,64493566490,2,1000,270000,,2,0,,,,,289025,22,459,541,Y,,,,,,,,,,,
,20180125-15:09:20.360,FROM CME,FALCON001,,ABC,P75,004,Y,8/1,,,64386:M:374285TN0003134,,201801250040,,ESH8,G,201801250040,64493566490,2,1000,270000,,2,0,,,,,289025,21,480,520,Y,,,,,,,,,,,
,20180125-15:09:20.360,FROM CME,FALCON001,,ABC,P75,004,Y,8/1,,,64386:M:374287TN0003135,,201801250040,,ESH8,G,201801250040,64493566490,2,1000,270000,,2,0,,,,,289025,6,486,514,Y,,,,,,,,,,,
,20180125-15:09:20.360,FROM CME,FALCON001,,ABC,P75,004,Y,8/1,,,64386:M:374289TN0003136,,201801250040,,ESH8,G,201801250040,64493566490,2,1000,270000,,2,0,,,,,289025,22,508,492,Y,,,,,,,,,,,
,20180125-15:09:20.360,FROM CME,FALCON001,,ABC,P75,004,Y,8/1,,,64386:M:374291TN0003137,,201801250040,,ESH8,G,201801250040,64493566490,2,1000,270000,,2,0,,,,,289025,22,530,470,Y,,,,,,,,,,,
,20180125-15:09:20.360,FROM CME,FALCON001,,ABC,P75,004,Y,8/1,,,64386:M:374293TN0003138,,201801250040,,ESH8,G,201801250040,64493566490,2,1000,270000,,2,0,,,,,289025,17,547,453,Y,,,,,,,,,,,
,20180125-15:09:20.360,FROM CME,FALCON001,,ABC,P75,004,Y,8/1,,,64386:M:374295TN0003139,,201801250040,,ESH8,G,201801250040,64493566490,2,1000,270000,,2,0,,,,,289025,15,562,438,Y,,,,,,,,,,,
,20180125-15:09:20.361,FROM CME,FALCON001,,ABC,P75,004,Y,8/1,,,64386:M:374297TN0003140,,201801250040,,ESH8,G,201801250040,64493566490,2,1000,270000,,2,0,,,,,289025,5,567,433,Y,,,,,,,,,,,
,20180125-15:09:20.361,FROM CME,FALCON001,,ABC,P75,004,Y,8/1,,,64386:M:374299TN0003141,,201801250040,,ESH8,G,201801250040,64493566490,2,1000,270000,,2,0,,,,,289025,40,607,393,Y,,,,,,,,,,,
,20180125-15:09:20.361,FROM CME,FALCON001,,ABC,P75,004,Y,8/1,,,64386:M:374301TN0003142,,201801250040,,ESH8,G,201801250040,64493566490,2,1000,270000,,2,0,,,,,289000,19,626,374,Y,,,,,,,,,,,
,20180125-15:09:20.361,FROM CME,FALCON001,,ABC,P75,004,Y,8/1,,,64386:M:374303TN0003143,,201801250040,,ESH8,G,201801250040,64493566490,2,1000,270000,,2,0,,,,,289000,6,632,368,Y,,,,,,,,,,,
,20180125-15:09:20.361,FROM CME,FALCON001,,ABC,P75,004,Y,8/1,,,64386:M:374305TN0003144,,201801250040,,ESH8,G,201801250040,64493566490,2,1000,270000,,2,0,,,,,289000,1,633,367,Y,,,,,,,,,,,
,20180125-15:09:20.361,FROM CME,FALCON001,,ABC,P75,004,Y,8/1,,,64386:M:374307TN0003145,,201801250040,,ESH8,G,201801250040,64493566490,2,1000,270000,,2,0,,,,,289000,1,634,366,Y,,,,,,,,,,,
,20180125-15:09:20.361,FROM CME,FALCON001,,ABC,P75,004,Y,8/1,,,64386:M:374309TN0003146,,201801250040,,ESH8,G,201801250040,64493566490,2,1000,270000,,2,0,,,,,289000,24,658,342,Y,,,,,,,,,,,
,20180125-15:09:20.378,FROM CME,FALCON001,,ABC,P75,004,Y,8/1,,,64386:M:374311TN0003147,,201801250040,,ESH8,G,201801250040,64493566490,2,1000,270000,,2,0,,,,,289000,13,671,329,Y,,,,,,,,,,,
,20180125-15:09:20.378,FROM CME,FALCON001,,ABC,P75,004,Y,8/1,,,64386:M:374313TN0003148,,201801250040,,ESH8,G,201801250040,64493566490,2,1000,270000,,2,0,,,,,289000,3,674,326,Y,,,,,,,,,,,
,20180125-15:09:20.379,FROM CME,FALCON001,,ABC,P75,004,Y,8/1,,,64386:M:374315TN0003149,,201801250040,,ESH8,G,201801250040,64493566490,2,1000,270000,,2,0,,,,,289000,12,686,314,Y,,,,,,,,,,,
,20180125-15:09:20.379,FROM CME,FALCON001,,ABC,P75,004,Y,8/1,,,64386:M:374317TN0003150,,201801250040,,ESH8,G,201801250040,64493566490,2,1000,270000,,2,0,,,,,289000,16,702,298,Y,,,,,,,,,,,
,20180125-15:09:20.379,FROM CME,FALCON001,,ABC,P75,004,Y,8/1,,,64386:M:374319TN0003151,,201801250040,,ESH8,G,201801250040,64493566490,2,1000,270000,,2,0,,,,,289000,11,713,287,Y,,,,,,,,,,,
,20180125-15:09:20.379,FROM CME,FALCON001,,ABC,P75,004,Y,8/1,,,64386:M:374321TN0003152,,201801250040,,ESH8,G,201801250040,64493566490,2,1000,270000,,2,0,,,,,289000,5,718,282,Y,,,,,,,,,,,
,20180125-15:09:20.379,FROM CME,FALCON001,,ABC,P75,004,Y,8/1,,,64386:M:374323TN0003153,,201801250040,,ESH8,G,201801250040,64493566490,2,1000,270000,,2,0,,,,,289000,22,740,260,Y,,,,,,,,,,,
,20180125-15:09:20.380,FROM CME,FALCON001,,ABC,P75,004,Y,8/1,,,64386:M:374325TN0003154,,201801250040,,ESH8,G,201801250040,64493566490,2,1000,270000,,2,0,,,,,289000,22,762,238,Y,,,,,,,,,,,
,20180125-15:09:20.380,FROM CME,FALCON001,,ABC,P75,004,Y,8/1,,,64386:M:374327TN0003155,,201801250040,,ESH8,G,201801250040,64493566490,2,1000,270000,,2,0,,,,,289000,18,780,220,Y,,,,,,,,,,,
,20180125-15:09:20.380,FROM CME,FALCON001,,ABC,P75,004,Y,8/1,,,64386:M:374329TN0003156,,201801250040,,ESH8,G,201801250040,64493566490,2,1000,270000,,2,0,,,,,289000,18,798,202,Y,,,,,,,,,,,
,20180125-15:09:20.380,FROM CME,FALCON001,,ABC,P75,004,Y,8/1,,,64386:M:374331TN0003157,,201801250040,,ESH8,G,201801250040,64493566490,2,1000,270000,,2,0,,,,,289000,20,818,182,Y,,,,,,,,,,,
,20180125-15:09:20.380,FROM CME,FALCON001,,ABC,P75,004,Y,8/1,,,64386:M:374333TN0003158,,201801250040,,ESH8,G,201801250040,64493566490,2,1000,270000,,2,0,,,,,289000,25,843,157,Y,,,,,,,,,,,
,20180125-15:09:20.380,FROM CME,FALCON001,,ABC,P75,004,Y,8/1,,,64386:M:374335TN0003159,,201801250040,,ESH8,G,201801250040,64493566490,2,1000,270000,,2,0,,,,,289000,5,848,152,Y,,,,,,,,,,,
,20180125-15:09:20.380,FROM CME,FALCON001,,ABC,P75,004,Y,8/1,,,64386:M:374337TN0003160,,201801250040,,ESH8,G,201801250040,64493566490,2,1000,270000,,2,0,,,,,289000,18,866,134,Y,,,,,,,,,,,
,20180125-15:09:20.380,FROM CME,FALCON001,,ABC,P75,004,Y,8/1,,,64386:M:374339TN0003161,,201801250040,,ESH8,G,201801250040,64493566490,2,1000,270000,,2,0,,,,,289000,23,889,111,Y,,,,,,,,,,,
,20180125-15:09:20.381,FROM CME,FALCON001,,ABC,P75,004,Y,8/1,,,64386:M:374341TN0003162,,201801250040,,ESH8,G,201801250040,64493566490,2,1000,270000,,2,0,,,,,289000,5,894,106,Y,,,,,,,,,,,
,20180125-15:09:20.381,FROM CME,FALCON001,,ABC,P75,004,Y,8/1,,,64386:M:374343TN0003163,,201801250040,,ESH8,G,201801250040,64493566490,2,1000,270000,,2,0,,,,,289000,1,895,105,Y,,,,,,,,,,,
,20180125-15:09:20.381,FROM CME,FALCON001,,ABC,P75,004,Y,8/1,,,64386:M:374345TN0003164,,201801250040,,ESH8,G,201801250040,64493566490,2,1000,270000,,2,0,,,,,289000,11,906,94,Y,,,,,,,,,,,
,20180125-15:09:20.381,FROM CME,FALCON001,,ABC,P75,004,Y,8/1,,,64386:M:374347TN0003165,,201801250040,,ESH8,G,201801250040,64493566490,2,1000,270000,,2,0,,,,,289000,9,915,85,Y,,,,,,,,,,,
,20180125-15:09:20.381,FROM CME,FALCON001,,ABC,P75,004,Y,8/1,,,64386:M:374349TN0003166,,201801250040,,ESH8,G,201801250040,64493566490,2,1000,270000,,2,0,,,,,289000,8,923,77,Y,,,,,,,,,,,
,20180125-15:09:20.381,FROM CME,FALCON001,,ABC,P75,004,Y,8/1,,,64386:M:374351TN0003167,,201801250040,,ESH8,G,201801250040,64493566490,2,1000,270000,,2,0,,,,,289000,13,936,64,Y,,,,,,,,,,,
,20180125-15:09:20.381,FROM CME,FALCON001,,ABC,P75,004,Y,8/1,,,64386:M:374353TN0003168,,201801250040,,ESH8,G,201801250040,64493566490,2,1000,270000,,2,0,,,,,289000,8,944,56,Y,,,,,,,,,,,
,20180125-15:09:20.381,FROM CME,FALCON001,,ABC,P75,004,Y,8/1,,,64386:M:374355TN0003169,,201801250040,,ESH8,G,201801250040,64493566490,2,1000,270000,,2,0,,,,,289000,7,951,49,Y,,,,,,,,,,,
,20180125-15:09:20.382,FROM CME,FALCON001,,ABC,P75,004,Y,8/1,,,64386:M:374357TN0003170,,201801250040,,ESH8,G,201801250040,64493566490,2,1000,270000,,2,0,,,,,289000,21,972,28,Y,,,,,,,,,,,
,20180125-15:09:20.382,FROM CME,FALCON001,,ABC,P75,004,Y,8/1,,,64386:M:374359TN0003171,,201801250040,,ESH8,G,201801250040,64493566490,2,1000,270000,,2,0,,,,,289000,24,996,4,Y,,,,,,,,,,,
,20180125-15:09:20.382,FROM CME,FALCON001,,ABC,P75,004,Y,8/1,,,64386:M:374361TN0003172,,201801250040,,ESH8,G,201801250040,64493566490,2,1000,270000,,2,0,,,,,289000,3,999,1,Y,,,,,,,,,,,
,20180125-15:09:20.382,FROM CME,FALCON001,,ABC,P75,004,Y,8/2,,,64386:M:374363TN0003173,,201801250040,,ESH8,G,201801250040,64493566490,2,1000,270000,,2,0,,,,,289000,1,1000,0,Y,,,,,,,,,,,
20180126-15:00:03.715,,TO CME,Falcon001,,ABC,P75,004,Y,D,1,1,,,201801260001,,ESH8,G,201801260001,,1,100,275000,,2,0,,100,,CN,,,,,,,,,,,,,,,,
,20180126-15:00:03.903,FROM CME,FALCON001,,ABC,P75,004,Y,8/0,,,64387:443036,,201801260001,,ESH8,G,201801260001,64494070511,1,100,275000,,2,0,,100,,,,,0,100,,,,,,,,,,,,
20180126-15:02:38.330,,TO CME,Falcon001,,ABC,P75,004,Y,G,1,1,,,201801260001,,ESH8,G,201801260002,64494070511,1,100,276000,,2,0,N,100,,CN,,,,,,,,,,,,,,,,
,20180126-15:02:38.642,FROM CME,FALCON001,,ABC,P75,004,Y,8/5,,,64387:445089,,201801260001,,ESH8,G,201801260002,64494070511,1,100,276000,,2,0,,100,,,,,0,100,,,,,,,,,,,,
20180126-15:05:39.886,,TO CME,Falcon001,,ABC,P75,004,Y,G,1,1,,,201801260001,,ESH8,G,201801260003,64494070511,1,200,276000,,2,0,N,200,,CN,,,,,,,,,,,,,,,,
,20180126-15:05:40.074,FROM CME,FALCON001,,ABC,P75,004,Y,8/5,,,64387:447068,,201801260001,,ESH8,G,201801260003,64494070511,1,200,276000,,2,0,,200,,,,,0,200,,,,,,,,,,,,
20180126-15:15:43.616,,TO CME,Falcon001,,ABC,P75,004,Y,D,1,1,,,201801260010,,ESH8,G,201801260010,,1,100,275000,,2,0,,100,,CN,,,,,,,,,,,,,,,,
20180126-15:16:50.381,,TO CME,Falcon001,,ABC,P75,004,Y,D,1,1,,,201801260011,,ESH8,G,201801260011,,1,200,276000,,2,0,,200,,CN,,,,,,,,,,,,,,,,
,20180126-15:15:43.805,FROM CME,FALCON001,,ABC,P75,004,Y,8/0,,,64387:454328,,201801260010,,ESH8,G,201801260010,64494078120,1,100,275000,,2,0,,100,,,,,0,100,,,,,,,,,,,,
,20180126-15:16:50.568,FROM CME,FALCON001,,ABC,P75,004,Y,8/0,,,64387:454922,,201801260011,,ESH8,G,201801260011,64494078590,1,200,276000,,2,0,,200,,,,,0,200,,,,,,,,,,,,
20180126-15:18:23.626,,TO CME,Falcon001,,,P75,004,Y,CA/1,,,,,,,ESH8,G,201801260012,,1,,,,2,0,,,,CN,,,,,,,,,,,,,,,,
,20180126-15:18:23.819,FROM CME,FALCON001,,,P75,004,Y,BZ/1,,,,,,,ESH8,G,201801260012,64494078120,1,,,,2,0,,,,CN,,,,,,,,,,,,,,,,
,20180126-15:18:23.819,FROM CME,FALCON001,,,P75,004,Y,BZ/1,,,,,,,ESH8,G,201801260012,64494078590,1,,,,2,0,,,,CN,,,,,,,,,,,,,,,,
